num_procs,avg_time
1,7.82E-06
2,2.05E-05
3,3.34E-05
4,3.97E-05
5,4.58E-05
6,5.19E-05
7,5.78E-05
8,6.41E-05
9,7.06E-05
10,7.70E-05
11,8.37E-05
12,9.04E-05
13,9.64E-05
14,0.000103023
15,0.000110901
16,0.000118209
17,0.000125634
18,0.000133541
19,0.000141402
20,0.000144186
21,0.000150495
22,0.000159407
23,0.000167369
24,0.000175634
25,0.000182386
26,0.000192783
27,0.000207187
28,0.000221074
29,0.000230269
30,0.000237726
31,0.000257357
32,0.000277308
